{
  "project_info": {
    "project_number": "662637659615",
    "project_id": "nayem-7e9a1",
    "storage_bucket": "nayem-7e9a1.appspot.com"
  },
  "client": [
    {
      "client_info": {
        "mobilesdk_app_id": "1:662637659615:android:60c9a1f7198f118efb306a",
        "android_client_info": {
          "package_name": "com.example.firebaseproject"
        }
      },
      "oauth_client": [],
      "api_key": [
        {
          "current_key": "AIzaSyDMyybDx2f33w9QqhwnNRX8ftbQl2f8yJI"
        }
      ],
      "services": {
        "appinvite_service": {
          "other_platform_oauth_client": []
        }
      }
    }
  ],
  "configuration_version": "1"
}